-- MySQL dump 10.16  Distrib 10.1.44-MariaDB, for debian-linux-gnu (x86_64)
--
-- Host: 127.0.0.1    Database: f3f_chrono
-- ------------------------------------------------------
-- Server version	10.1.44-MariaDB-0ubuntu0.18.04.1

/*!40101 SET @OLD_CHARACTER_SET_CLIENT=@@CHARACTER_SET_CLIENT */;
/*!40101 SET @OLD_CHARACTER_SET_RESULTS=@@CHARACTER_SET_RESULTS */;
/*!40101 SET @OLD_COLLATION_CONNECTION=@@COLLATION_CONNECTION */;
/*!40101 SET NAMES utf8 */;
/*!40103 SET @OLD_TIME_ZONE=@@TIME_ZONE */;
/*!40103 SET TIME_ZONE='+00:00' */;
/*!40014 SET @OLD_UNIQUE_CHECKS=@@UNIQUE_CHECKS, UNIQUE_CHECKS=0 */;
/*!40014 SET @OLD_FOREIGN_KEY_CHECKS=@@FOREIGN_KEY_CHECKS, FOREIGN_KEY_CHECKS=0 */;
/*!40101 SET @OLD_SQL_MODE=@@SQL_MODE, SQL_MODE='NO_AUTO_VALUE_ON_ZERO' */;
/*!40111 SET @OLD_SQL_NOTES=@@SQL_NOTES, SQL_NOTES=0 */;

--
-- Table structure for table `chrono`
--

DROP TABLE IF EXISTS `chrono`;
/*!40101 SET @saved_cs_client     = @@character_set_client */;
/*!40101 SET character_set_client = utf8 */;
CREATE TABLE `chrono` (
  `chrono_id` int(11) NOT NULL AUTO_INCREMENT,
  `run_time` double DEFAULT NULL,
  `min_wind_speed` double DEFAULT NULL,
  `max_wind_speed` double DEFAULT NULL,
  `mean_wind_speed` double DEFAULT NULL,
  `wind_direction` double DEFAULT NULL,
  `start_date` timestamp NOT NULL DEFAULT CURRENT_TIMESTAMP ON UPDATE CURRENT_TIMESTAMP,
  `end_date` timestamp NULL DEFAULT NULL,
  `lap1` double DEFAULT NULL,
  `lap2` double DEFAULT NULL,
  `lap3` double DEFAULT NULL,
  `lap4` double DEFAULT NULL,
  `lap5` double DEFAULT NULL,
  `lap6` double DEFAULT NULL,
  `lap7` double DEFAULT NULL,
  `lap8` double DEFAULT NULL,
  `lap9` double DEFAULT NULL,
  `lap10` double DEFAULT NULL,
  `climbout_time` double DEFAULT NULL,
  PRIMARY KEY (`chrono_id`)
) ENGINE=InnoDB AUTO_INCREMENT=453 DEFAULT CHARSET=utf8mb4;
/*!40101 SET character_set_client = @saved_cs_client */;

--
-- Dumping data for table `chrono`
--

LOCK TABLES `chrono` WRITE;
/*!40000 ALTER TABLE `chrono` DISABLE KEYS */;
INSERT INTO `chrono` VALUES (1,50.95,NULL,NULL,NULL,NULL,'2019-11-26 20:57:47',NULL,NULL,NULL,NULL,NULL,NULL,NULL,NULL,NULL,NULL,NULL,NULL),(2,44.45,NULL,NULL,NULL,NULL,'2019-11-26 20:57:47',NULL,NULL,NULL,NULL,NULL,NULL,NULL,NULL,NULL,NULL,NULL,NULL),(3,43.36,NULL,NULL,NULL,NULL,'2019-11-26 20:57:47',NULL,NULL,NULL,NULL,NULL,NULL,NULL,NULL,NULL,NULL,NULL,NULL),(4,41.82,NULL,NULL,NULL,NULL,'2019-11-26 20:57:47',NULL,NULL,NULL,NULL,NULL,NULL,NULL,NULL,NULL,NULL,NULL,NULL),(5,43.39,NULL,NULL,NULL,NULL,'2019-11-26 20:57:47',NULL,NULL,NULL,NULL,NULL,NULL,NULL,NULL,NULL,NULL,NULL,NULL),(6,45.55,NULL,NULL,NULL,NULL,'2019-11-26 20:57:47',NULL,NULL,NULL,NULL,NULL,NULL,NULL,NULL,NULL,NULL,NULL,NULL),(7,49.87,NULL,NULL,NULL,NULL,'2019-11-26 20:57:47',NULL,NULL,NULL,NULL,NULL,NULL,NULL,NULL,NULL,NULL,NULL,NULL),(8,47.41,NULL,NULL,NULL,NULL,'2019-11-26 20:57:48',NULL,NULL,NULL,NULL,NULL,NULL,NULL,NULL,NULL,NULL,NULL,NULL),(9,41.18,NULL,NULL,NULL,NULL,'2019-11-26 20:57:48',NULL,NULL,NULL,NULL,NULL,NULL,NULL,NULL,NULL,NULL,NULL,NULL),(10,46.12,NULL,NULL,NULL,NULL,'2019-11-26 20:57:48',NULL,NULL,NULL,NULL,NULL,NULL,NULL,NULL,NULL,NULL,NULL,NULL),(11,48.41,NULL,NULL,NULL,NULL,'2019-11-26 20:57:48',NULL,NULL,NULL,NULL,NULL,NULL,NULL,NULL,NULL,NULL,NULL,NULL),(12,54.64,NULL,NULL,NULL,NULL,'2019-11-26 20:57:48',NULL,NULL,NULL,NULL,NULL,NULL,NULL,NULL,NULL,NULL,NULL,NULL),(13,40.63,NULL,NULL,NULL,NULL,'2019-11-26 20:57:48',NULL,NULL,NULL,NULL,NULL,NULL,NULL,NULL,NULL,NULL,NULL,NULL),(14,43.76,NULL,NULL,NULL,NULL,'2019-11-26 20:57:48',NULL,NULL,NULL,NULL,NULL,NULL,NULL,NULL,NULL,NULL,NULL,NULL),(15,56.84,NULL,NULL,NULL,NULL,'2019-11-26 20:57:48',NULL,NULL,NULL,NULL,NULL,NULL,NULL,NULL,NULL,NULL,NULL,NULL),(16,51.59,NULL,NULL,NULL,NULL,'2019-11-26 20:57:48',NULL,NULL,NULL,NULL,NULL,NULL,NULL,NULL,NULL,NULL,NULL,NULL),(17,50.09,NULL,NULL,NULL,NULL,'2019-11-26 20:57:48',NULL,NULL,NULL,NULL,NULL,NULL,NULL,NULL,NULL,NULL,NULL,NULL),(18,41.19,NULL,NULL,NULL,NULL,'2019-11-26 20:57:49',NULL,NULL,NULL,NULL,NULL,NULL,NULL,NULL,NULL,NULL,NULL,NULL),(19,47.09,NULL,NULL,NULL,NULL,'2019-11-26 20:57:49',NULL,NULL,NULL,NULL,NULL,NULL,NULL,NULL,NULL,NULL,NULL,NULL),(20,52.16,NULL,NULL,NULL,NULL,'2019-11-26 20:57:49',NULL,NULL,NULL,NULL,NULL,NULL,NULL,NULL,NULL,NULL,NULL,NULL),(21,51.4,NULL,NULL,NULL,NULL,'2019-11-26 20:57:49',NULL,NULL,NULL,NULL,NULL,NULL,NULL,NULL,NULL,NULL,NULL,NULL),(22,44.52,NULL,NULL,NULL,NULL,'2019-11-26 20:57:49',NULL,NULL,NULL,NULL,NULL,NULL,NULL,NULL,NULL,NULL,NULL,NULL),(23,42.27,NULL,NULL,NULL,NULL,'2019-11-26 20:57:50',NULL,NULL,NULL,NULL,NULL,NULL,NULL,NULL,NULL,NULL,NULL,NULL),(24,42.6,NULL,NULL,NULL,NULL,'2019-11-26 20:57:50',NULL,NULL,NULL,NULL,NULL,NULL,NULL,NULL,NULL,NULL,NULL,NULL),(25,44.34,NULL,NULL,NULL,NULL,'2019-11-26 20:57:50',NULL,NULL,NULL,NULL,NULL,NULL,NULL,NULL,NULL,NULL,NULL,NULL),(26,47.45,NULL,NULL,NULL,NULL,'2019-11-26 20:57:50',NULL,NULL,NULL,NULL,NULL,NULL,NULL,NULL,NULL,NULL,NULL,NULL),(27,42.98,NULL,NULL,NULL,NULL,'2019-11-26 20:57:50',NULL,NULL,NULL,NULL,NULL,NULL,NULL,NULL,NULL,NULL,NULL,NULL),(28,45.72,NULL,NULL,NULL,NULL,'2019-11-26 20:57:51',NULL,NULL,NULL,NULL,NULL,NULL,NULL,NULL,NULL,NULL,NULL,NULL),(29,56.01,NULL,NULL,NULL,NULL,'2019-11-26 20:57:51',NULL,NULL,NULL,NULL,NULL,NULL,NULL,NULL,NULL,NULL,NULL,NULL),(30,50.69,NULL,NULL,NULL,NULL,'2019-11-26 20:57:51',NULL,NULL,NULL,NULL,NULL,NULL,NULL,NULL,NULL,NULL,NULL,NULL),(31,46.04,NULL,NULL,NULL,NULL,'2019-11-26 20:57:51',NULL,NULL,NULL,NULL,NULL,NULL,NULL,NULL,NULL,NULL,NULL,NULL),(32,44.18,NULL,NULL,NULL,NULL,'2019-11-26 20:57:52',NULL,NULL,NULL,NULL,NULL,NULL,NULL,NULL,NULL,NULL,NULL,NULL),(33,47.02,NULL,NULL,NULL,NULL,'2019-11-26 20:57:52',NULL,NULL,NULL,NULL,NULL,NULL,NULL,NULL,NULL,NULL,NULL,NULL),(34,43.67,NULL,NULL,NULL,NULL,'2019-11-26 20:57:52',NULL,NULL,NULL,NULL,NULL,NULL,NULL,NULL,NULL,NULL,NULL,NULL),(35,52.98,NULL,NULL,NULL,NULL,'2019-11-26 20:57:52',NULL,NULL,NULL,NULL,NULL,NULL,NULL,NULL,NULL,NULL,NULL,NULL),(36,57.68,NULL,NULL,NULL,NULL,'2019-11-26 20:57:53',NULL,NULL,NULL,NULL,NULL,NULL,NULL,NULL,NULL,NULL,NULL,NULL),(37,44.53,NULL,NULL,NULL,NULL,'2019-11-26 20:57:53',NULL,NULL,NULL,NULL,NULL,NULL,NULL,NULL,NULL,NULL,NULL,NULL),(38,48.76,NULL,NULL,NULL,NULL,'2019-11-26 20:57:53',NULL,NULL,NULL,NULL,NULL,NULL,NULL,NULL,NULL,NULL,NULL,NULL),(39,43.71,NULL,NULL,NULL,NULL,'2019-11-26 20:57:53',NULL,NULL,NULL,NULL,NULL,NULL,NULL,NULL,NULL,NULL,NULL,NULL),(40,50.19,NULL,NULL,NULL,NULL,'2019-11-26 20:57:53',NULL,NULL,NULL,NULL,NULL,NULL,NULL,NULL,NULL,NULL,NULL,NULL),(41,33.55,NULL,NULL,NULL,NULL,'2019-11-26 20:57:54',NULL,NULL,NULL,NULL,NULL,NULL,NULL,NULL,NULL,NULL,NULL,NULL),(42,45.34,NULL,NULL,NULL,NULL,'2019-11-26 20:57:54',NULL,NULL,NULL,NULL,NULL,NULL,NULL,NULL,NULL,NULL,NULL,NULL),(43,52.36,NULL,NULL,NULL,NULL,'2019-11-26 20:57:54',NULL,NULL,NULL,NULL,NULL,NULL,NULL,NULL,NULL,NULL,NULL,NULL),(44,53.91,NULL,NULL,NULL,NULL,'2019-11-26 20:57:54',NULL,NULL,NULL,NULL,NULL,NULL,NULL,NULL,NULL,NULL,NULL,NULL),(45,51.75,NULL,NULL,NULL,NULL,'2019-11-26 20:57:54',NULL,NULL,NULL,NULL,NULL,NULL,NULL,NULL,NULL,NULL,NULL,NULL),(46,48.2,NULL,NULL,NULL,NULL,'2019-11-26 20:57:54',NULL,NULL,NULL,NULL,NULL,NULL,NULL,NULL,NULL,NULL,NULL,NULL),(47,47.04,NULL,NULL,NULL,NULL,'2019-11-26 20:57:55',NULL,NULL,NULL,NULL,NULL,NULL,NULL,NULL,NULL,NULL,NULL,NULL),(48,49.68,NULL,NULL,NULL,NULL,'2019-11-26 20:57:55',NULL,NULL,NULL,NULL,NULL,NULL,NULL,NULL,NULL,NULL,NULL,NULL),(49,47.88,NULL,NULL,NULL,NULL,'2019-11-26 20:57:55',NULL,NULL,NULL,NULL,NULL,NULL,NULL,NULL,NULL,NULL,NULL,NULL),(50,46.55,NULL,NULL,NULL,NULL,'2019-11-26 20:57:55',NULL,NULL,NULL,NULL,NULL,NULL,NULL,NULL,NULL,NULL,NULL,NULL),(51,50.75,NULL,NULL,NULL,NULL,'2019-11-26 20:57:55',NULL,NULL,NULL,NULL,NULL,NULL,NULL,NULL,NULL,NULL,NULL,NULL),(52,56.3,NULL,NULL,NULL,NULL,'2019-11-26 20:57:55',NULL,NULL,NULL,NULL,NULL,NULL,NULL,NULL,NULL,NULL,NULL,NULL),(53,47.01,NULL,NULL,NULL,NULL,'2019-11-26 20:57:55',NULL,NULL,NULL,NULL,NULL,NULL,NULL,NULL,NULL,NULL,NULL,NULL),(54,48.32,NULL,NULL,NULL,NULL,'2019-11-26 20:57:55',NULL,NULL,NULL,NULL,NULL,NULL,NULL,NULL,NULL,NULL,NULL,NULL),(55,41.54,NULL,NULL,NULL,NULL,'2019-11-26 20:57:55',NULL,NULL,NULL,NULL,NULL,NULL,NULL,NULL,NULL,NULL,NULL,NULL),(56,48,NULL,NULL,NULL,NULL,'2019-11-26 20:57:55',NULL,NULL,NULL,NULL,NULL,NULL,NULL,NULL,NULL,NULL,NULL,NULL),(57,49.28,NULL,NULL,NULL,NULL,'2019-11-26 20:57:55',NULL,NULL,NULL,NULL,NULL,NULL,NULL,NULL,NULL,NULL,NULL,NULL),(58,47.22,NULL,NULL,NULL,NULL,'2019-11-26 20:57:55',NULL,NULL,NULL,NULL,NULL,NULL,NULL,NULL,NULL,NULL,NULL,NULL),(59,49.44,NULL,NULL,NULL,NULL,'2019-11-26 20:57:55',NULL,NULL,NULL,NULL,NULL,NULL,NULL,NULL,NULL,NULL,NULL,NULL),(60,47.12,NULL,NULL,NULL,NULL,'2019-11-26 20:57:55',NULL,NULL,NULL,NULL,NULL,NULL,NULL,NULL,NULL,NULL,NULL,NULL),(61,48.53,NULL,NULL,NULL,NULL,'2019-11-26 20:57:55',NULL,NULL,NULL,NULL,NULL,NULL,NULL,NULL,NULL,NULL,NULL,NULL),(62,47.88,NULL,NULL,NULL,NULL,'2019-11-26 20:57:55',NULL,NULL,NULL,NULL,NULL,NULL,NULL,NULL,NULL,NULL,NULL,NULL),(63,60.1,NULL,NULL,NULL,NULL,'2019-11-26 20:57:56',NULL,NULL,NULL,NULL,NULL,NULL,NULL,NULL,NULL,NULL,NULL,NULL),(64,50.72,NULL,NULL,NULL,NULL,'2019-11-26 20:57:56',NULL,NULL,NULL,NULL,NULL,NULL,NULL,NULL,NULL,NULL,NULL,NULL),(65,48.88,NULL,NULL,NULL,NULL,'2019-11-26 20:57:56',NULL,NULL,NULL,NULL,NULL,NULL,NULL,NULL,NULL,NULL,NULL,NULL),(66,47.57,NULL,NULL,NULL,NULL,'2019-11-26 20:57:56',NULL,NULL,NULL,NULL,NULL,NULL,NULL,NULL,NULL,NULL,NULL,NULL),(67,51.17,NULL,NULL,NULL,NULL,'2019-11-26 20:57:56',NULL,NULL,NULL,NULL,NULL,NULL,NULL,NULL,NULL,NULL,NULL,NULL),(68,51.47,NULL,NULL,NULL,NULL,'2019-11-26 20:57:56',NULL,NULL,NULL,NULL,NULL,NULL,NULL,NULL,NULL,NULL,NULL,NULL),(69,42.3,NULL,NULL,NULL,NULL,'2019-11-26 20:57:56',NULL,NULL,NULL,NULL,NULL,NULL,NULL,NULL,NULL,NULL,NULL,NULL),(70,50.29,NULL,NULL,NULL,NULL,'2019-11-26 20:57:56',NULL,NULL,NULL,NULL,NULL,NULL,NULL,NULL,NULL,NULL,NULL,NULL),(71,53.78,NULL,NULL,NULL,NULL,'2019-11-26 20:57:56',NULL,NULL,NULL,NULL,NULL,NULL,NULL,NULL,NULL,NULL,NULL,NULL),(72,49.55,NULL,NULL,NULL,NULL,'2019-11-26 20:57:56',NULL,NULL,NULL,NULL,NULL,NULL,NULL,NULL,NULL,NULL,NULL,NULL),(73,54.46,NULL,NULL,NULL,NULL,'2019-11-26 20:57:56',NULL,NULL,NULL,NULL,NULL,NULL,NULL,NULL,NULL,NULL,NULL,NULL),(74,42.53,NULL,NULL,NULL,NULL,'2019-11-26 20:57:56',NULL,NULL,NULL,NULL,NULL,NULL,NULL,NULL,NULL,NULL,NULL,NULL),(75,46.23,NULL,NULL,NULL,NULL,'2019-11-26 20:57:56',NULL,NULL,NULL,NULL,NULL,NULL,NULL,NULL,NULL,NULL,NULL,NULL),(76,57.08,NULL,NULL,NULL,NULL,'2019-11-26 20:57:57',NULL,NULL,NULL,NULL,NULL,NULL,NULL,NULL,NULL,NULL,NULL,NULL),(77,58.64,NULL,NULL,NULL,NULL,'2019-11-26 20:57:57',NULL,NULL,NULL,NULL,NULL,NULL,NULL,NULL,NULL,NULL,NULL,NULL),(78,50.03,NULL,NULL,NULL,NULL,'2019-11-26 20:57:57',NULL,NULL,NULL,NULL,NULL,NULL,NULL,NULL,NULL,NULL,NULL,NULL),(79,47.57,NULL,NULL,NULL,NULL,'2019-11-26 20:57:57',NULL,NULL,NULL,NULL,NULL,NULL,NULL,NULL,NULL,NULL,NULL,NULL),(80,52.9,NULL,NULL,NULL,NULL,'2019-11-26 20:57:57',NULL,NULL,NULL,NULL,NULL,NULL,NULL,NULL,NULL,NULL,NULL,NULL),(81,58.32,NULL,NULL,NULL,NULL,'2019-11-26 20:57:57',NULL,NULL,NULL,NULL,NULL,NULL,NULL,NULL,NULL,NULL,NULL,NULL),(82,46.43,NULL,NULL,NULL,NULL,'2019-11-26 20:57:57',NULL,NULL,NULL,NULL,NULL,NULL,NULL,NULL,NULL,NULL,NULL,NULL),(83,46.65,NULL,NULL,NULL,NULL,'2019-11-26 20:57:57',NULL,NULL,NULL,NULL,NULL,NULL,NULL,NULL,NULL,NULL,NULL,NULL),(84,50.41,NULL,NULL,NULL,NULL,'2019-11-26 20:57:57',NULL,NULL,NULL,NULL,NULL,NULL,NULL,NULL,NULL,NULL,NULL,NULL),(85,56.75,NULL,NULL,NULL,NULL,'2019-11-26 20:57:57',NULL,NULL,NULL,NULL,NULL,NULL,NULL,NULL,NULL,NULL,NULL,NULL),(86,52.47,NULL,NULL,NULL,NULL,'2019-11-26 20:57:57',NULL,NULL,NULL,NULL,NULL,NULL,NULL,NULL,NULL,NULL,NULL,NULL),(87,50.12,NULL,NULL,NULL,NULL,'2019-11-26 20:57:57',NULL,NULL,NULL,NULL,NULL,NULL,NULL,NULL,NULL,NULL,NULL,NULL),(88,47.72,NULL,NULL,NULL,NULL,'2019-11-26 20:57:57',NULL,NULL,NULL,NULL,NULL,NULL,NULL,NULL,NULL,NULL,NULL,NULL),(89,51.94,NULL,NULL,NULL,NULL,'2019-11-26 20:57:58',NULL,NULL,NULL,NULL,NULL,NULL,NULL,NULL,NULL,NULL,NULL,NULL),(90,50.89,NULL,NULL,NULL,NULL,'2019-11-26 20:57:58',NULL,NULL,NULL,NULL,NULL,NULL,NULL,NULL,NULL,NULL,NULL,NULL),(91,57.9,NULL,NULL,NULL,NULL,'2019-11-26 20:57:58',NULL,NULL,NULL,NULL,NULL,NULL,NULL,NULL,NULL,NULL,NULL,NULL),(92,0,NULL,NULL,NULL,NULL,'2019-11-26 20:57:58',NULL,NULL,NULL,NULL,NULL,NULL,NULL,NULL,NULL,NULL,NULL,NULL),(93,48.77,NULL,NULL,NULL,NULL,'2019-11-26 20:57:58',NULL,NULL,NULL,NULL,NULL,NULL,NULL,NULL,NULL,NULL,NULL,NULL),(94,50.74,NULL,NULL,NULL,NULL,'2019-11-26 20:57:58',NULL,NULL,NULL,NULL,NULL,NULL,NULL,NULL,NULL,NULL,NULL,NULL),(95,48.76,NULL,NULL,NULL,NULL,'2019-11-26 20:57:58',NULL,NULL,NULL,NULL,NULL,NULL,NULL,NULL,NULL,NULL,NULL,NULL),(96,49.69,NULL,NULL,NULL,NULL,'2019-11-26 20:57:58',NULL,NULL,NULL,NULL,NULL,NULL,NULL,NULL,NULL,NULL,NULL,NULL),(97,43.54,NULL,NULL,NULL,NULL,'2019-11-26 20:57:58',NULL,NULL,NULL,NULL,NULL,NULL,NULL,NULL,NULL,NULL,NULL,NULL),(98,52.39,NULL,NULL,NULL,NULL,'2019-11-26 20:57:58',NULL,NULL,NULL,NULL,NULL,NULL,NULL,NULL,NULL,NULL,NULL,NULL),(99,56.34,NULL,NULL,NULL,NULL,'2019-11-26 20:57:59',NULL,NULL,NULL,NULL,NULL,NULL,NULL,NULL,NULL,NULL,NULL,NULL),(100,55.83,NULL,NULL,NULL,NULL,'2019-11-26 20:57:59',NULL,NULL,NULL,NULL,NULL,NULL,NULL,NULL,NULL,NULL,NULL,NULL),(101,51.81,NULL,NULL,NULL,NULL,'2019-11-26 20:58:00',NULL,NULL,NULL,NULL,NULL,NULL,NULL,NULL,NULL,NULL,NULL,NULL),(102,52.86,NULL,NULL,NULL,NULL,'2019-11-26 20:58:00',NULL,NULL,NULL,NULL,NULL,NULL,NULL,NULL,NULL,NULL,NULL,NULL),(103,49.74,NULL,NULL,NULL,NULL,'2019-11-26 20:58:00',NULL,NULL,NULL,NULL,NULL,NULL,NULL,NULL,NULL,NULL,NULL,NULL),(104,54.8,NULL,NULL,NULL,NULL,'2019-11-26 20:58:00',NULL,NULL,NULL,NULL,NULL,NULL,NULL,NULL,NULL,NULL,NULL,NULL),(105,62.49,NULL,NULL,NULL,NULL,'2019-11-26 20:58:00',NULL,NULL,NULL,NULL,NULL,NULL,NULL,NULL,NULL,NULL,NULL,NULL),(106,46.42,NULL,NULL,NULL,NULL,'2019-11-26 20:58:00',NULL,NULL,NULL,NULL,NULL,NULL,NULL,NULL,NULL,NULL,NULL,NULL),(107,48.15,NULL,NULL,NULL,NULL,'2019-11-26 20:58:01',NULL,NULL,NULL,NULL,NULL,NULL,NULL,NULL,NULL,NULL,NULL,NULL),(108,53.33,NULL,NULL,NULL,NULL,'2019-11-26 20:58:01',NULL,NULL,NULL,NULL,NULL,NULL,NULL,NULL,NULL,NULL,NULL,NULL),(109,58.92,NULL,NULL,NULL,NULL,'2019-11-26 20:58:01',NULL,NULL,NULL,NULL,NULL,NULL,NULL,NULL,NULL,NULL,NULL,NULL),(110,50.69,NULL,NULL,NULL,NULL,'2019-11-26 20:58:01',NULL,NULL,NULL,NULL,NULL,NULL,NULL,NULL,NULL,NULL,NULL,NULL),(111,54.76,NULL,NULL,NULL,NULL,'2019-11-26 20:58:01',NULL,NULL,NULL,NULL,NULL,NULL,NULL,NULL,NULL,NULL,NULL,NULL),(112,59.84,NULL,NULL,NULL,NULL,'2019-11-26 20:58:01',NULL,NULL,NULL,NULL,NULL,NULL,NULL,NULL,NULL,NULL,NULL,NULL),(113,56.62,NULL,NULL,NULL,NULL,'2019-11-26 20:58:02',NULL,NULL,NULL,NULL,NULL,NULL,NULL,NULL,NULL,NULL,NULL,NULL),(114,50.71,NULL,NULL,NULL,NULL,'2019-11-26 20:58:02',NULL,NULL,NULL,NULL,NULL,NULL,NULL,NULL,NULL,NULL,NULL,NULL),(115,56.02,NULL,NULL,NULL,NULL,'2019-11-26 20:58:02',NULL,NULL,NULL,NULL,NULL,NULL,NULL,NULL,NULL,NULL,NULL,NULL),(116,53.89,NULL,NULL,NULL,NULL,'2019-11-26 20:58:03',NULL,NULL,NULL,NULL,NULL,NULL,NULL,NULL,NULL,NULL,NULL,NULL),(117,50.65,NULL,NULL,NULL,NULL,'2019-11-26 20:58:03',NULL,NULL,NULL,NULL,NULL,NULL,NULL,NULL,NULL,NULL,NULL,NULL),(118,60.12,NULL,NULL,NULL,NULL,'2019-11-26 20:58:03',NULL,NULL,NULL,NULL,NULL,NULL,NULL,NULL,NULL,NULL,NULL,NULL),(119,65.25,NULL,NULL,NULL,NULL,'2019-11-26 20:58:03',NULL,NULL,NULL,NULL,NULL,NULL,NULL,NULL,NULL,NULL,NULL,NULL),(120,51.36,NULL,NULL,NULL,NULL,'2019-11-26 20:58:03',NULL,NULL,NULL,NULL,NULL,NULL,NULL,NULL,NULL,NULL,NULL,NULL),(121,48.83,NULL,NULL,NULL,NULL,'2019-11-26 20:58:03',NULL,NULL,NULL,NULL,NULL,NULL,NULL,NULL,NULL,NULL,NULL,NULL),(122,54.08,NULL,NULL,NULL,NULL,'2019-11-26 20:58:04',NULL,NULL,NULL,NULL,NULL,NULL,NULL,NULL,NULL,NULL,NULL,NULL),(123,52.58,NULL,NULL,NULL,NULL,'2019-11-26 20:58:04',NULL,NULL,NULL,NULL,NULL,NULL,NULL,NULL,NULL,NULL,NULL,NULL),(124,54.08,NULL,NULL,NULL,NULL,'2019-11-26 20:58:04',NULL,NULL,NULL,NULL,NULL,NULL,NULL,NULL,NULL,NULL,NULL,NULL),(125,48.55,NULL,NULL,NULL,NULL,'2019-11-26 20:58:04',NULL,NULL,NULL,NULL,NULL,NULL,NULL,NULL,NULL,NULL,NULL,NULL),(126,52.23,NULL,NULL,NULL,NULL,'2019-11-26 20:58:04',NULL,NULL,NULL,NULL,NULL,NULL,NULL,NULL,NULL,NULL,NULL,NULL),(127,50.07,NULL,NULL,NULL,NULL,'2019-11-26 20:58:05',NULL,NULL,NULL,NULL,NULL,NULL,NULL,NULL,NULL,NULL,NULL,NULL),(128,53.43,NULL,NULL,NULL,NULL,'2019-11-26 20:58:05',NULL,NULL,NULL,NULL,NULL,NULL,NULL,NULL,NULL,NULL,NULL,NULL),(129,56.15,NULL,NULL,NULL,NULL,'2019-11-26 20:58:05',NULL,NULL,NULL,NULL,NULL,NULL,NULL,NULL,NULL,NULL,NULL,NULL),(130,50.1,NULL,NULL,NULL,NULL,'2019-11-26 20:58:05',NULL,NULL,NULL,NULL,NULL,NULL,NULL,NULL,NULL,NULL,NULL,NULL),(131,50.43,NULL,NULL,NULL,NULL,'2019-11-26 20:58:05',NULL,NULL,NULL,NULL,NULL,NULL,NULL,NULL,NULL,NULL,NULL,NULL),(132,59.74,NULL,NULL,NULL,NULL,'2019-11-26 20:58:05',NULL,NULL,NULL,NULL,NULL,NULL,NULL,NULL,NULL,NULL,NULL,NULL),(133,49.38,NULL,NULL,NULL,NULL,'2019-11-26 20:58:05',NULL,NULL,NULL,NULL,NULL,NULL,NULL,NULL,NULL,NULL,NULL,NULL),(134,57.56,NULL,NULL,NULL,NULL,'2019-11-26 20:58:05',NULL,NULL,NULL,NULL,NULL,NULL,NULL,NULL,NULL,NULL,NULL,NULL),(135,47.82,NULL,NULL,NULL,NULL,'2019-11-26 20:58:05',NULL,NULL,NULL,NULL,NULL,NULL,NULL,NULL,NULL,NULL,NULL,NULL),(136,56.53,NULL,NULL,NULL,NULL,'2019-11-26 20:58:05',NULL,NULL,NULL,NULL,NULL,NULL,NULL,NULL,NULL,NULL,NULL,NULL),(137,52.55,NULL,NULL,NULL,NULL,'2019-11-26 20:58:05',NULL,NULL,NULL,NULL,NULL,NULL,NULL,NULL,NULL,NULL,NULL,NULL),(138,47.66,NULL,NULL,NULL,NULL,'2019-11-26 20:58:05',NULL,NULL,NULL,NULL,NULL,NULL,NULL,NULL,NULL,NULL,NULL,NULL),(139,48.04,NULL,NULL,NULL,NULL,'2019-11-26 20:58:05',NULL,NULL,NULL,NULL,NULL,NULL,NULL,NULL,NULL,NULL,NULL,NULL),(140,56.12,NULL,NULL,NULL,NULL,'2019-11-26 20:58:06',NULL,NULL,NULL,NULL,NULL,NULL,NULL,NULL,NULL,NULL,NULL,NULL),(141,50.94,NULL,NULL,NULL,NULL,'2019-11-26 20:58:06',NULL,NULL,NULL,NULL,NULL,NULL,NULL,NULL,NULL,NULL,NULL,NULL),(142,49.05,NULL,NULL,NULL,NULL,'2019-11-26 20:58:06',NULL,NULL,NULL,NULL,NULL,NULL,NULL,NULL,NULL,NULL,NULL,NULL),(143,48.03,NULL,NULL,NULL,NULL,'2019-11-26 20:58:06',NULL,NULL,NULL,NULL,NULL,NULL,NULL,NULL,NULL,NULL,NULL,NULL),(144,41.34,NULL,NULL,NULL,NULL,'2019-11-26 20:58:06',NULL,NULL,NULL,NULL,NULL,NULL,NULL,NULL,NULL,NULL,NULL,NULL),(145,43.71,NULL,NULL,NULL,NULL,'2019-11-26 20:58:06',NULL,NULL,NULL,NULL,NULL,NULL,NULL,NULL,NULL,NULL,NULL,NULL),(146,46.37,NULL,NULL,NULL,NULL,'2019-11-26 20:58:06',NULL,NULL,NULL,NULL,NULL,NULL,NULL,NULL,NULL,NULL,NULL,NULL),(147,57.68,NULL,NULL,NULL,NULL,'2019-11-26 20:58:06',NULL,NULL,NULL,NULL,NULL,NULL,NULL,NULL,NULL,NULL,NULL,NULL),(148,46.62,NULL,NULL,NULL,NULL,'2019-11-26 20:58:06',NULL,NULL,NULL,NULL,NULL,NULL,NULL,NULL,NULL,NULL,NULL,NULL),(149,41.04,NULL,NULL,NULL,NULL,'2019-11-26 20:58:06',NULL,NULL,NULL,NULL,NULL,NULL,NULL,NULL,NULL,NULL,NULL,NULL),(150,48.36,NULL,NULL,NULL,NULL,'2019-11-26 20:58:06',NULL,NULL,NULL,NULL,NULL,NULL,NULL,NULL,NULL,NULL,NULL,NULL),(151,43.13,NULL,NULL,NULL,NULL,'2019-11-26 20:58:06',NULL,NULL,NULL,NULL,NULL,NULL,NULL,NULL,NULL,NULL,NULL,NULL),(152,48.89,NULL,NULL,NULL,NULL,'2019-11-26 20:58:07',NULL,NULL,NULL,NULL,NULL,NULL,NULL,NULL,NULL,NULL,NULL,NULL),(153,41.97,NULL,NULL,NULL,NULL,'2019-11-26 20:58:07',NULL,NULL,NULL,NULL,NULL,NULL,NULL,NULL,NULL,NULL,NULL,NULL),(154,46.11,NULL,NULL,NULL,NULL,'2019-11-26 20:58:07',NULL,NULL,NULL,NULL,NULL,NULL,NULL,NULL,NULL,NULL,NULL,NULL),(155,44.57,NULL,NULL,NULL,NULL,'2019-11-26 20:58:07',NULL,NULL,NULL,NULL,NULL,NULL,NULL,NULL,NULL,NULL,NULL,NULL),(156,53.77,NULL,NULL,NULL,NULL,'2019-11-26 20:58:07',NULL,NULL,NULL,NULL,NULL,NULL,NULL,NULL,NULL,NULL,NULL,NULL),(157,50.63,NULL,NULL,NULL,NULL,'2019-11-26 20:58:07',NULL,NULL,NULL,NULL,NULL,NULL,NULL,NULL,NULL,NULL,NULL,NULL),(158,41.19,NULL,NULL,NULL,NULL,'2019-11-26 20:58:07',NULL,NULL,NULL,NULL,NULL,NULL,NULL,NULL,NULL,NULL,NULL,NULL),(159,51.02,NULL,NULL,NULL,NULL,'2019-11-26 20:58:07',NULL,NULL,NULL,NULL,NULL,NULL,NULL,NULL,NULL,NULL,NULL,NULL),(160,49.62,NULL,NULL,NULL,NULL,'2019-11-26 20:58:07',NULL,NULL,NULL,NULL,NULL,NULL,NULL,NULL,NULL,NULL,NULL,NULL),(161,51.67,NULL,NULL,NULL,NULL,'2019-11-26 20:58:07',NULL,NULL,NULL,NULL,NULL,NULL,NULL,NULL,NULL,NULL,NULL,NULL),(162,41.98,NULL,NULL,NULL,NULL,'2019-11-26 20:58:07',NULL,NULL,NULL,NULL,NULL,NULL,NULL,NULL,NULL,NULL,NULL,NULL),(163,43.71,NULL,NULL,NULL,NULL,'2019-11-26 20:58:08',NULL,NULL,NULL,NULL,NULL,NULL,NULL,NULL,NULL,NULL,NULL,NULL),(164,49.19,NULL,NULL,NULL,NULL,'2019-11-26 20:58:08',NULL,NULL,NULL,NULL,NULL,NULL,NULL,NULL,NULL,NULL,NULL,NULL),(165,45.67,NULL,NULL,NULL,NULL,'2019-11-26 20:58:08',NULL,NULL,NULL,NULL,NULL,NULL,NULL,NULL,NULL,NULL,NULL,NULL),(166,47.64,NULL,NULL,NULL,NULL,'2019-11-26 20:58:08',NULL,NULL,NULL,NULL,NULL,NULL,NULL,NULL,NULL,NULL,NULL,NULL),(167,48.78,NULL,NULL,NULL,NULL,'2019-11-26 20:58:08',NULL,NULL,NULL,NULL,NULL,NULL,NULL,NULL,NULL,NULL,NULL,NULL),(168,44.44,NULL,NULL,NULL,NULL,'2019-11-26 20:58:08',NULL,NULL,NULL,NULL,NULL,NULL,NULL,NULL,NULL,NULL,NULL,NULL),(169,61.89,NULL,NULL,NULL,NULL,'2019-11-26 20:58:08',NULL,NULL,NULL,NULL,NULL,NULL,NULL,NULL,NULL,NULL,NULL,NULL),(170,46.1,NULL,NULL,NULL,NULL,'2019-11-26 20:58:08',NULL,NULL,NULL,NULL,NULL,NULL,NULL,NULL,NULL,NULL,NULL,NULL),(171,45.06,NULL,NULL,NULL,NULL,'2019-11-26 20:58:08',NULL,NULL,NULL,NULL,NULL,NULL,NULL,NULL,NULL,NULL,NULL,NULL),(172,50.96,NULL,NULL,NULL,NULL,'2019-11-26 20:58:08',NULL,NULL,NULL,NULL,NULL,NULL,NULL,NULL,NULL,NULL,NULL,NULL),(173,46.22,NULL,NULL,NULL,NULL,'2019-11-26 20:58:09',NULL,NULL,NULL,NULL,NULL,NULL,NULL,NULL,NULL,NULL,NULL,NULL),(174,50.94,NULL,NULL,NULL,NULL,'2019-11-26 20:58:09',NULL,NULL,NULL,NULL,NULL,NULL,NULL,NULL,NULL,NULL,NULL,NULL),(175,48.05,NULL,NULL,NULL,NULL,'2019-11-26 20:58:09',NULL,NULL,NULL,NULL,NULL,NULL,NULL,NULL,NULL,NULL,NULL,NULL),(176,39.97,NULL,NULL,NULL,NULL,'2019-11-26 20:58:09',NULL,NULL,NULL,NULL,NULL,NULL,NULL,NULL,NULL,NULL,NULL,NULL),(177,46.75,NULL,NULL,NULL,NULL,'2019-11-26 20:58:10',NULL,NULL,NULL,NULL,NULL,NULL,NULL,NULL,NULL,NULL,NULL,NULL),(178,43.07,NULL,NULL,NULL,NULL,'2019-11-26 20:58:10',NULL,NULL,NULL,NULL,NULL,NULL,NULL,NULL,NULL,NULL,NULL,NULL),(179,47.97,NULL,NULL,NULL,NULL,'2019-11-26 20:58:10',NULL,NULL,NULL,NULL,NULL,NULL,NULL,NULL,NULL,NULL,NULL,NULL),(180,53.97,NULL,NULL,NULL,NULL,'2019-11-26 20:58:10',NULL,NULL,NULL,NULL,NULL,NULL,NULL,NULL,NULL,NULL,NULL,NULL),(181,39.66,NULL,NULL,NULL,NULL,'2019-11-26 20:58:10',NULL,NULL,NULL,NULL,NULL,NULL,NULL,NULL,NULL,NULL,NULL,NULL),(182,49.1,NULL,NULL,NULL,NULL,'2019-11-26 20:58:10',NULL,NULL,NULL,NULL,NULL,NULL,NULL,NULL,NULL,NULL,NULL,NULL),(183,49.69,NULL,NULL,NULL,NULL,'2019-11-26 20:58:11',NULL,NULL,NULL,NULL,NULL,NULL,NULL,NULL,NULL,NULL,NULL,NULL),(184,49.55,NULL,NULL,NULL,NULL,'2019-11-26 20:58:11',NULL,NULL,NULL,NULL,NULL,NULL,NULL,NULL,NULL,NULL,NULL,NULL),(185,57.4,NULL,NULL,NULL,NULL,'2019-11-26 20:58:11',NULL,NULL,NULL,NULL,NULL,NULL,NULL,NULL,NULL,NULL,NULL,NULL),(186,35.9,NULL,NULL,NULL,NULL,'2019-11-26 20:58:11',NULL,NULL,NULL,NULL,NULL,NULL,NULL,NULL,NULL,NULL,NULL,NULL),(187,45.64,NULL,NULL,NULL,NULL,'2019-11-26 20:58:12',NULL,NULL,NULL,NULL,NULL,NULL,NULL,NULL,NULL,NULL,NULL,NULL),(188,48.41,NULL,NULL,NULL,NULL,'2019-11-26 20:58:12',NULL,NULL,NULL,NULL,NULL,NULL,NULL,NULL,NULL,NULL,NULL,NULL),(189,48.05,NULL,NULL,NULL,NULL,'2019-11-26 20:58:12',NULL,NULL,NULL,NULL,NULL,NULL,NULL,NULL,NULL,NULL,NULL,NULL),(190,45.62,NULL,NULL,NULL,NULL,'2019-11-26 20:58:12',NULL,NULL,NULL,NULL,NULL,NULL,NULL,NULL,NULL,NULL,NULL,NULL),(191,32.43,NULL,NULL,NULL,NULL,'2019-11-26 20:58:13',NULL,NULL,NULL,NULL,NULL,NULL,NULL,NULL,NULL,NULL,NULL,NULL),(192,51.01,NULL,NULL,NULL,NULL,'2019-11-26 20:58:13',NULL,NULL,NULL,NULL,NULL,NULL,NULL,NULL,NULL,NULL,NULL,NULL),(193,45.74,NULL,NULL,NULL,NULL,'2019-11-26 20:58:13',NULL,NULL,NULL,NULL,NULL,NULL,NULL,NULL,NULL,NULL,NULL,NULL),(194,44.19,NULL,NULL,NULL,NULL,'2019-11-26 20:58:13',NULL,NULL,NULL,NULL,NULL,NULL,NULL,NULL,NULL,NULL,NULL,NULL),(195,43.7,NULL,NULL,NULL,NULL,'2019-11-26 20:58:14',NULL,NULL,NULL,NULL,NULL,NULL,NULL,NULL,NULL,NULL,NULL,NULL),(196,39.51,NULL,NULL,NULL,NULL,'2019-11-26 20:58:14',NULL,NULL,NULL,NULL,NULL,NULL,NULL,NULL,NULL,NULL,NULL,NULL),(197,39.63,NULL,NULL,NULL,NULL,'2019-11-26 20:58:14',NULL,NULL,NULL,NULL,NULL,NULL,NULL,NULL,NULL,NULL,NULL,NULL),(198,48.83,NULL,NULL,NULL,NULL,'2019-11-26 20:58:15',NULL,NULL,NULL,NULL,NULL,NULL,NULL,NULL,NULL,NULL,NULL,NULL),(199,40.57,NULL,NULL,NULL,NULL,'2019-11-26 20:58:15',NULL,NULL,NULL,NULL,NULL,NULL,NULL,NULL,NULL,NULL,NULL,NULL),(200,47.66,NULL,NULL,NULL,NULL,'2019-11-26 20:58:15',NULL,NULL,NULL,NULL,NULL,NULL,NULL,NULL,NULL,NULL,NULL,NULL),(201,44.61,NULL,NULL,NULL,NULL,'2019-11-26 20:58:15',NULL,NULL,NULL,NULL,NULL,NULL,NULL,NULL,NULL,NULL,NULL,NULL),(202,49.07,NULL,NULL,NULL,NULL,'2019-11-26 20:58:15',NULL,NULL,NULL,NULL,NULL,NULL,NULL,NULL,NULL,NULL,NULL,NULL),(203,48.59,NULL,NULL,NULL,NULL,'2019-11-26 20:58:15',NULL,NULL,NULL,NULL,NULL,NULL,NULL,NULL,NULL,NULL,NULL,NULL),(204,38.28,NULL,NULL,NULL,NULL,'2019-11-26 20:58:15',NULL,NULL,NULL,NULL,NULL,NULL,NULL,NULL,NULL,NULL,NULL,NULL),(205,42.73,NULL,NULL,NULL,NULL,'2019-11-26 20:58:15',NULL,NULL,NULL,NULL,NULL,NULL,NULL,NULL,NULL,NULL,NULL,NULL),(206,42.36,NULL,NULL,NULL,NULL,'2019-11-26 20:58:15',NULL,NULL,NULL,NULL,NULL,NULL,NULL,NULL,NULL,NULL,NULL,NULL),(207,46.28,NULL,NULL,NULL,NULL,'2019-11-26 20:58:15',NULL,NULL,NULL,NULL,NULL,NULL,NULL,NULL,NULL,NULL,NULL,NULL),(208,38.38,NULL,NULL,NULL,NULL,'2019-11-26 20:58:16',NULL,NULL,NULL,NULL,NULL,NULL,NULL,NULL,NULL,NULL,NULL,NULL),(209,48.87,NULL,NULL,NULL,NULL,'2019-11-26 20:58:16',NULL,NULL,NULL,NULL,NULL,NULL,NULL,NULL,NULL,NULL,NULL,NULL),(210,44.82,NULL,NULL,NULL,NULL,'2019-11-26 20:58:16',NULL,NULL,NULL,NULL,NULL,NULL,NULL,NULL,NULL,NULL,NULL,NULL),(211,45.36,NULL,NULL,NULL,NULL,'2019-11-26 20:58:16',NULL,NULL,NULL,NULL,NULL,NULL,NULL,NULL,NULL,NULL,NULL,NULL),(212,53.8,NULL,NULL,NULL,NULL,'2019-11-26 20:58:16',NULL,NULL,NULL,NULL,NULL,NULL,NULL,NULL,NULL,NULL,NULL,NULL),(213,47.12,NULL,NULL,NULL,NULL,'2019-11-26 20:58:16',NULL,NULL,NULL,NULL,NULL,NULL,NULL,NULL,NULL,NULL,NULL,NULL),(214,49.48,NULL,NULL,NULL,NULL,'2019-11-26 20:58:16',NULL,NULL,NULL,NULL,NULL,NULL,NULL,NULL,NULL,NULL,NULL,NULL),(215,48.25,NULL,NULL,NULL,NULL,'2019-11-26 20:58:16',NULL,NULL,NULL,NULL,NULL,NULL,NULL,NULL,NULL,NULL,NULL,NULL),(216,48,NULL,NULL,NULL,NULL,'2019-11-26 20:58:16',NULL,NULL,NULL,NULL,NULL,NULL,NULL,NULL,NULL,NULL,NULL,NULL),(217,42.53,NULL,NULL,NULL,NULL,'2019-11-26 20:58:16',NULL,NULL,NULL,NULL,NULL,NULL,NULL,NULL,NULL,NULL,NULL,NULL),(218,44.6,NULL,NULL,NULL,NULL,'2019-11-26 20:58:17',NULL,NULL,NULL,NULL,NULL,NULL,NULL,NULL,NULL,NULL,NULL,NULL),(219,47.93,NULL,NULL,NULL,NULL,'2019-11-26 20:58:17',NULL,NULL,NULL,NULL,NULL,NULL,NULL,NULL,NULL,NULL,NULL,NULL),(220,50.82,NULL,NULL,NULL,NULL,'2019-11-26 20:58:17',NULL,NULL,NULL,NULL,NULL,NULL,NULL,NULL,NULL,NULL,NULL,NULL),(221,53.89,NULL,NULL,NULL,NULL,'2019-11-26 20:58:17',NULL,NULL,NULL,NULL,NULL,NULL,NULL,NULL,NULL,NULL,NULL,NULL),(222,51,NULL,NULL,NULL,NULL,'2019-11-26 20:58:17',NULL,NULL,NULL,NULL,NULL,NULL,NULL,NULL,NULL,NULL,NULL,NULL),(223,43.83,NULL,NULL,NULL,NULL,'2019-11-26 20:58:17',NULL,NULL,NULL,NULL,NULL,NULL,NULL,NULL,NULL,NULL,NULL,NULL),(224,54.84,NULL,NULL,NULL,NULL,'2019-11-26 20:58:17',NULL,NULL,NULL,NULL,NULL,NULL,NULL,NULL,NULL,NULL,NULL,NULL),(225,53.35,NULL,NULL,NULL,NULL,'2019-11-26 20:58:17',NULL,NULL,NULL,NULL,NULL,NULL,NULL,NULL,NULL,NULL,NULL,NULL),(226,53.54,NULL,NULL,NULL,NULL,'2019-11-26 20:58:17',NULL,NULL,NULL,NULL,NULL,NULL,NULL,NULL,NULL,NULL,NULL,NULL),(227,44.65,NULL,NULL,NULL,NULL,'2019-11-26 20:58:18',NULL,NULL,NULL,NULL,NULL,NULL,NULL,NULL,NULL,NULL,NULL,NULL),(228,47.75,NULL,NULL,NULL,NULL,'2019-11-26 20:58:18',NULL,NULL,NULL,NULL,NULL,NULL,NULL,NULL,NULL,NULL,NULL,NULL),(229,56.15,NULL,NULL,NULL,NULL,'2019-11-26 20:58:18',NULL,NULL,NULL,NULL,NULL,NULL,NULL,NULL,NULL,NULL,NULL,NULL),(230,54.19,NULL,NULL,NULL,NULL,'2019-11-26 20:58:18',NULL,NULL,NULL,NULL,NULL,NULL,NULL,NULL,NULL,NULL,NULL,NULL),(231,49.81,NULL,NULL,NULL,NULL,'2019-11-26 20:58:18',NULL,NULL,NULL,NULL,NULL,NULL,NULL,NULL,NULL,NULL,NULL,NULL),(232,52.29,NULL,NULL,NULL,NULL,'2019-11-26 20:58:18',NULL,NULL,NULL,NULL,NULL,NULL,NULL,NULL,NULL,NULL,NULL,NULL),(233,45.67,NULL,NULL,NULL,NULL,'2019-11-26 20:58:18',NULL,NULL,NULL,NULL,NULL,NULL,NULL,NULL,NULL,NULL,NULL,NULL),(234,49.93,NULL,NULL,NULL,NULL,'2019-11-26 20:58:18',NULL,NULL,NULL,NULL,NULL,NULL,NULL,NULL,NULL,NULL,NULL,NULL),(235,51.83,NULL,NULL,NULL,NULL,'2019-11-26 20:58:18',NULL,NULL,NULL,NULL,NULL,NULL,NULL,NULL,NULL,NULL,NULL,NULL),(236,55.22,NULL,NULL,NULL,NULL,'2019-11-26 20:58:18',NULL,NULL,NULL,NULL,NULL,NULL,NULL,NULL,NULL,NULL,NULL,NULL),(237,45.29,NULL,NULL,NULL,NULL,'2019-11-26 20:58:18',NULL,NULL,NULL,NULL,NULL,NULL,NULL,NULL,NULL,NULL,NULL,NULL),(238,64.7,NULL,NULL,NULL,NULL,'2019-11-26 20:58:18',NULL,NULL,NULL,NULL,NULL,NULL,NULL,NULL,NULL,NULL,NULL,NULL),(239,44.63,NULL,NULL,NULL,NULL,'2019-11-26 20:58:19',NULL,NULL,NULL,NULL,NULL,NULL,NULL,NULL,NULL,NULL,NULL,NULL),(240,46.37,NULL,NULL,NULL,NULL,'2019-11-26 20:58:19',NULL,NULL,NULL,NULL,NULL,NULL,NULL,NULL,NULL,NULL,NULL,NULL),(241,36.39,NULL,NULL,NULL,NULL,'2019-11-26 20:58:19',NULL,NULL,NULL,NULL,NULL,NULL,NULL,NULL,NULL,NULL,NULL,NULL),(242,42.39,NULL,NULL,NULL,NULL,'2019-11-26 20:58:19',NULL,NULL,NULL,NULL,NULL,NULL,NULL,NULL,NULL,NULL,NULL,NULL),(243,49.08,NULL,NULL,NULL,NULL,'2019-11-26 20:58:20',NULL,NULL,NULL,NULL,NULL,NULL,NULL,NULL,NULL,NULL,NULL,NULL),(244,54.61,NULL,NULL,NULL,NULL,'2019-11-26 20:58:20',NULL,NULL,NULL,NULL,NULL,NULL,NULL,NULL,NULL,NULL,NULL,NULL),(245,42.37,NULL,NULL,NULL,NULL,'2019-11-26 20:58:20',NULL,NULL,NULL,NULL,NULL,NULL,NULL,NULL,NULL,NULL,NULL,NULL),(246,43.43,NULL,NULL,NULL,NULL,'2019-11-26 20:58:20',NULL,NULL,NULL,NULL,NULL,NULL,NULL,NULL,NULL,NULL,NULL,NULL),(247,38.48,NULL,NULL,NULL,NULL,'2019-11-26 20:58:20',NULL,NULL,NULL,NULL,NULL,NULL,NULL,NULL,NULL,NULL,NULL,NULL),(248,42.26,NULL,NULL,NULL,NULL,'2019-11-26 20:58:21',NULL,NULL,NULL,NULL,NULL,NULL,NULL,NULL,NULL,NULL,NULL,NULL),(249,49.43,NULL,NULL,NULL,NULL,'2019-11-26 20:58:21',NULL,NULL,NULL,NULL,NULL,NULL,NULL,NULL,NULL,NULL,NULL,NULL),(250,46.31,NULL,NULL,NULL,NULL,'2019-11-26 20:58:21',NULL,NULL,NULL,NULL,NULL,NULL,NULL,NULL,NULL,NULL,NULL,NULL),(251,40.5,NULL,NULL,NULL,NULL,'2019-11-26 20:58:21',NULL,NULL,NULL,NULL,NULL,NULL,NULL,NULL,NULL,NULL,NULL,NULL),(252,50.78,NULL,NULL,NULL,NULL,'2019-11-26 20:58:22',NULL,NULL,NULL,NULL,NULL,NULL,NULL,NULL,NULL,NULL,NULL,NULL),(253,45.38,NULL,NULL,NULL,NULL,'2019-11-26 20:58:22',NULL,NULL,NULL,NULL,NULL,NULL,NULL,NULL,NULL,NULL,NULL,NULL),(254,44.22,NULL,NULL,NULL,NULL,'2019-11-26 20:58:22',NULL,NULL,NULL,NULL,NULL,NULL,NULL,NULL,NULL,NULL,NULL,NULL),(255,40.37,NULL,NULL,NULL,NULL,'2019-11-26 20:58:23',NULL,NULL,NULL,NULL,NULL,NULL,NULL,NULL,NULL,NULL,NULL,NULL),(256,42.3,NULL,NULL,NULL,NULL,'2019-11-26 20:58:23',NULL,NULL,NULL,NULL,NULL,NULL,NULL,NULL,NULL,NULL,NULL,NULL),(257,45.99,NULL,NULL,NULL,NULL,'2019-11-26 20:58:23',NULL,NULL,NULL,NULL,NULL,NULL,NULL,NULL,NULL,NULL,NULL,NULL),(258,51.68,NULL,NULL,NULL,NULL,'2019-11-26 20:58:23',NULL,NULL,NULL,NULL,NULL,NULL,NULL,NULL,NULL,NULL,NULL,NULL),(259,46.68,NULL,NULL,NULL,NULL,'2019-11-26 20:58:24',NULL,NULL,NULL,NULL,NULL,NULL,NULL,NULL,NULL,NULL,NULL,NULL),(260,46.91,NULL,NULL,NULL,NULL,'2019-11-26 20:58:24',NULL,NULL,NULL,NULL,NULL,NULL,NULL,NULL,NULL,NULL,NULL,NULL),(261,37.83,NULL,NULL,NULL,NULL,'2019-11-26 20:58:24',NULL,NULL,NULL,NULL,NULL,NULL,NULL,NULL,NULL,NULL,NULL,NULL),(262,45.5,NULL,NULL,NULL,NULL,'2019-11-26 20:58:24',NULL,NULL,NULL,NULL,NULL,NULL,NULL,NULL,NULL,NULL,NULL,NULL),(263,47.25,NULL,NULL,NULL,NULL,'2019-11-26 20:58:24',NULL,NULL,NULL,NULL,NULL,NULL,NULL,NULL,NULL,NULL,NULL,NULL),(264,45.69,NULL,NULL,NULL,NULL,'2019-11-26 20:58:25',NULL,NULL,NULL,NULL,NULL,NULL,NULL,NULL,NULL,NULL,NULL,NULL),(265,47.86,NULL,NULL,NULL,NULL,'2019-11-26 20:58:25',NULL,NULL,NULL,NULL,NULL,NULL,NULL,NULL,NULL,NULL,NULL,NULL),(266,56.81,NULL,NULL,NULL,NULL,'2019-11-26 20:58:25',NULL,NULL,NULL,NULL,NULL,NULL,NULL,NULL,NULL,NULL,NULL,NULL),(267,55.16,NULL,NULL,NULL,NULL,'2019-11-26 20:58:25',NULL,NULL,NULL,NULL,NULL,NULL,NULL,NULL,NULL,NULL,NULL,NULL),(268,42.89,NULL,NULL,NULL,NULL,'2019-11-26 20:58:25',NULL,NULL,NULL,NULL,NULL,NULL,NULL,NULL,NULL,NULL,NULL,NULL),(269,43.55,NULL,NULL,NULL,NULL,'2019-11-26 20:58:25',NULL,NULL,NULL,NULL,NULL,NULL,NULL,NULL,NULL,NULL,NULL,NULL),(270,41.12,NULL,NULL,NULL,NULL,'2019-11-26 20:58:25',NULL,NULL,NULL,NULL,NULL,NULL,NULL,NULL,NULL,NULL,NULL,NULL),(271,55.36,NULL,NULL,NULL,NULL,'2019-11-26 20:58:25',NULL,NULL,NULL,NULL,NULL,NULL,NULL,NULL,NULL,NULL,NULL,NULL),(272,50.62,NULL,NULL,NULL,NULL,'2019-11-26 20:58:25',NULL,NULL,NULL,NULL,NULL,NULL,NULL,NULL,NULL,NULL,NULL,NULL),(273,48,NULL,NULL,NULL,NULL,'2019-11-26 20:58:25',NULL,NULL,NULL,NULL,NULL,NULL,NULL,NULL,NULL,NULL,NULL,NULL),(274,43.44,NULL,NULL,NULL,NULL,'2019-11-26 20:58:25',NULL,NULL,NULL,NULL,NULL,NULL,NULL,NULL,NULL,NULL,NULL,NULL),(275,43.56,NULL,NULL,NULL,NULL,'2019-11-26 20:58:26',NULL,NULL,NULL,NULL,NULL,NULL,NULL,NULL,NULL,NULL,NULL,NULL),(276,45.48,NULL,NULL,NULL,NULL,'2019-11-26 20:58:26',NULL,NULL,NULL,NULL,NULL,NULL,NULL,NULL,NULL,NULL,NULL,NULL),(277,48.25,NULL,NULL,NULL,NULL,'2019-11-26 20:58:26',NULL,NULL,NULL,NULL,NULL,NULL,NULL,NULL,NULL,NULL,NULL,NULL),(278,50.49,NULL,NULL,NULL,NULL,'2019-11-26 20:58:26',NULL,NULL,NULL,NULL,NULL,NULL,NULL,NULL,NULL,NULL,NULL,NULL),(279,56.58,NULL,NULL,NULL,NULL,'2019-11-26 20:58:26',NULL,NULL,NULL,NULL,NULL,NULL,NULL,NULL,NULL,NULL,NULL,NULL),(280,46.14,NULL,NULL,NULL,NULL,'2019-11-26 20:58:26',NULL,NULL,NULL,NULL,NULL,NULL,NULL,NULL,NULL,NULL,NULL,NULL);
/*!40000 ALTER TABLE `chrono` ENABLE KEYS */;
UNLOCK TABLES;

--
-- Table structure for table `competitor`
--

DROP TABLE IF EXISTS `competitor`;
/*!40101 SET @saved_cs_client     = @@character_set_client */;
/*!40101 SET character_set_client = utf8 */;
CREATE TABLE `competitor` (
  `pilot_id` int(11) NOT NULL,
  `event_id` int(11) NOT NULL,
  `team` int(11) DEFAULT NULL,
  `bib_number` int(11) DEFAULT NULL,
  `present` tinyint(4) DEFAULT NULL,
  PRIMARY KEY (`pilot_id`,`event_id`),
  KEY `fk_competitor_event_idx` (`event_id`),
  CONSTRAINT `fk_competitor_event` FOREIGN KEY (`event_id`) REFERENCES `event` (`event_id`) ON DELETE NO ACTION ON UPDATE NO ACTION,
  CONSTRAINT `fk_competitor_pilot` FOREIGN KEY (`pilot_id`) REFERENCES `pilot` (`pilot_id`) ON DELETE NO ACTION ON UPDATE NO ACTION
) ENGINE=InnoDB DEFAULT CHARSET=utf8mb4;
/*!40101 SET character_set_client = @saved_cs_client */;

--
-- Dumping data for table `competitor`
--

LOCK TABLES `competitor` WRITE;
/*!40000 ALTER TABLE `competitor` DISABLE KEYS */;
INSERT INTO `competitor` VALUES (1,1,NULL,1,1),(2,1,NULL,2,1),(3,1,NULL,3,1),(4,1,NULL,4,1),(5,1,NULL,5,1),(6,1,NULL,6,1),(7,1,NULL,7,1),(8,1,NULL,8,1),(9,1,NULL,9,1),(10,1,NULL,10,1),(11,1,NULL,11,1),(12,1,NULL,12,1),(13,1,NULL,13,1),(14,1,NULL,14,1);
/*!40000 ALTER TABLE `competitor` ENABLE KEYS */;
UNLOCK TABLES;

--
-- Table structure for table `event`
--

DROP TABLE IF EXISTS `event`;
/*!40101 SET @saved_cs_client     = @@character_set_client */;
/*!40101 SET character_set_client = utf8 */;
CREATE TABLE `event` (
  `event_id` int(11) NOT NULL AUTO_INCREMENT,
  `begin_date` timestamp NULL DEFAULT NULL,
  `end_date` timestamp NULL DEFAULT NULL,
  `location` varchar(100) DEFAULT NULL,
  `name` varchar(200) DEFAULT NULL,
  `min_allowed_wind_speed` double DEFAULT NULL,
  `max_allowed_wind_speed` double DEFAULT NULL,
  `max_wind_dir_dev` double DEFAULT NULL,
  `max_interruption_time` double DEFAULT NULL,
  `bib_start` int(11) DEFAULT '0',
  `flights_before_refly` int(11) DEFAULT '5',
  `dayduration` int(11) DEFAULT '1',
  `f3x_vault_id` int(11) DEFAULT NULL,
  PRIMARY KEY (`event_id`)
) ENGINE=InnoDB AUTO_INCREMENT=6 DEFAULT CHARSET=utf8mb4;
/*!40101 SET character_set_client = @saved_cs_client */;

--
-- Dumping data for table `event`
--

LOCK TABLES `event` WRITE;
/*!40000 ALTER TABLE `event` DISABLE KEYS */;
INSERT INTO `event` VALUES (1,'2019-10-25 22:00:00','2019-10-26 22:00:00','Col des Faisses','Col des faisses',3,28,45,1800,11,6,3,1706);
/*!40000 ALTER TABLE `event` ENABLE KEYS */;
UNLOCK TABLES;

--
-- Table structure for table `pilot`
--

DROP TABLE IF EXISTS `pilot`;
/*!40101 SET @saved_cs_client     = @@character_set_client */;
/*!40101 SET character_set_client = utf8 */;
CREATE TABLE `pilot` (
  `pilot_id` int(11) NOT NULL AUTO_INCREMENT,
  `name` varchar(45) DEFAULT NULL,
  `first_name` varchar(45) DEFAULT NULL,
  `fai_id` varchar(45) DEFAULT NULL,
  `national_id` varchar(45) DEFAULT NULL,
  `f3x_vault_id` int(11) DEFAULT NULL,
  PRIMARY KEY (`pilot_id`)
) ENGINE=InnoDB AUTO_INCREMENT=16 DEFAULT CHARSET=utf8mb4;
/*!40101 SET character_set_client = @saved_cs_client */;

--
-- Dumping data for table `pilot`
--

LOCK TABLES `pilot` WRITE;
/*!40000 ALTER TABLE `pilot` DISABLE KEYS */;
INSERT INTO `pilot` VALUES (1,'Mervelet','Matthieu','FRA1015','9908323',2520),(2,'Hours','Frederic','FRA-697','',806),(3,'Philippe','Lanes','FRA 1153','',2297),(4,'KREBS','Michaël','FRA-30171','',2508),(5,'VINCENT','Arnaud','','0606738-AD',3541),(6,'MONET','Olivier','0700206-AD','',2558),(7,'Marin','Joel','','FRA 321',2256),(8,'FAURE','Martial','FRA30387','',2327),(9,'DELARBRE','Thomas','FRA-30128','',2252),(10,'Daviet','Sylvain','1601415','FRA30748',3528),(11,'Vaissier','Pascal','','1603990 AD',3730),(12,'Delarbre','Serge','FRA795','',2602),(13,'CARLIN','Joël','FRA-30116','FRA-30116',2142),(14,'Rondel','Pierre','FRA23036','',630),(15,'Pierre','RONDEL','','',4211);
/*!40000 ALTER TABLE `pilot` ENABLE KEYS */;
UNLOCK TABLES;

--
-- Table structure for table `round`
--

DROP TABLE IF EXISTS `round`;
/*!40101 SET @saved_cs_client     = @@character_set_client */;
/*!40101 SET character_set_client = utf8 */;
CREATE TABLE `round` (
  `round_number` int(11) NOT NULL,
  `event_id` int(11) NOT NULL,
  `valid` tinyint(4) DEFAULT NULL,
  `flight_order` text,
  PRIMARY KEY (`round_number`,`event_id`),
  KEY `fk_round_event_idx` (`event_id`),
  CONSTRAINT `fk_round_event` FOREIGN KEY (`event_id`) REFERENCES `event` (`event_id`) ON DELETE NO ACTION ON UPDATE NO ACTION
) ENGINE=InnoDB DEFAULT CHARSET=utf8mb4;
/*!40101 SET character_set_client = @saved_cs_client */;

--
-- Dumping data for table `round`
--

LOCK TABLES `round` WRITE;
/*!40000 ALTER TABLE `round` DISABLE KEYS */;
INSERT INTO `round` VALUES (1,1,1,NULL),(2,1,1,NULL),(3,1,1,NULL),(4,1,1,NULL),(5,1,1,NULL),(6,1,1,NULL),(7,1,1,NULL),(8,1,1,NULL),(9,1,1,NULL),(10,1,1,NULL),(11,1,1,NULL),(12,1,1,NULL),(13,1,1,NULL),(14,1,1,NULL),(15,1,1,NULL),(16,1,1,NULL),(17,1,1,NULL),(18,1,1,NULL),(19,1,1,NULL),(20,1,1,NULL),(21,1,0,NULL),(22,1,0,NULL);
/*!40000 ALTER TABLE `round` ENABLE KEYS */;
UNLOCK TABLES;

--
-- Table structure for table `roundgroup`
--

DROP TABLE IF EXISTS `roundgroup`;
/*!40101 SET @saved_cs_client     = @@character_set_client */;
/*!40101 SET character_set_client = utf8 */;
CREATE TABLE `roundgroup` (
  `event_id` int(11) NOT NULL,
  `round_number` int(11) NOT NULL,
  `group_number` int(11) NOT NULL,
  `start_date` timestamp NULL DEFAULT NULL,
  `end_date` timestamp NULL DEFAULT NULL,
  PRIMARY KEY (`round_number`,`group_number`,`event_id`),
  KEY `fk_roundgroup_round_idx` (`round_number`,`event_id`),
  CONSTRAINT `fk_roundgroup_round` FOREIGN KEY (`round_number`, `event_id`) REFERENCES `round` (`round_number`, `event_id`) ON DELETE NO ACTION ON UPDATE NO ACTION
) ENGINE=InnoDB DEFAULT CHARSET=utf8mb4;
/*!40101 SET character_set_client = @saved_cs_client */;

--
-- Dumping data for table `roundgroup`
--

LOCK TABLES `roundgroup` WRITE;
/*!40000 ALTER TABLE `roundgroup` DISABLE KEYS */;
INSERT INTO `roundgroup` VALUES (1,1,1,NULL,NULL),(1,2,1,NULL,NULL),(1,3,1,NULL,NULL),(1,4,1,NULL,NULL),(1,5,1,NULL,NULL),(1,6,1,NULL,NULL),(1,7,1,NULL,NULL),(1,8,1,NULL,NULL),(1,9,1,NULL,NULL),(1,10,1,NULL,NULL),(1,11,1,NULL,NULL),(1,12,1,NULL,NULL),(1,13,1,NULL,NULL),(1,14,1,NULL,NULL),(1,15,1,NULL,NULL),(1,16,1,NULL,NULL),(1,17,1,NULL,NULL),(1,18,1,NULL,NULL),(1,19,1,NULL,NULL),(1,20,1,NULL,NULL),(1,21,1,NULL,NULL),(1,22,1,NULL,NULL);
/*!40000 ALTER TABLE `roundgroup` ENABLE KEYS */;
UNLOCK TABLES;

--
-- Table structure for table `run`
--

DROP TABLE IF EXISTS `run`;
/*!40101 SET @saved_cs_client     = @@character_set_client */;
/*!40101 SET character_set_client = utf8 */;
CREATE TABLE `run` (
  `run_id` int(11) NOT NULL AUTO_INCREMENT,
  `competitor_id` int(11) NOT NULL,
  `chrono_id` int(11) DEFAULT NULL,
  `penalty` double DEFAULT NULL,
  `valid` tinyint(4) NOT NULL,
  `reason` varchar(200) DEFAULT NULL,
  `round_number` int(11) DEFAULT NULL,
  `group_number` int(11) DEFAULT NULL,
  `event_id` int(11) DEFAULT NULL,
  PRIMARY KEY (`run_id`),
  KEY `fk_run_roundgroup_idx` (`round_number`,`group_number`,`event_id`),
  KEY `fk_run_competitor_idx` (`competitor_id`,`event_id`),
  KEY `fk_run_chrono_idx` (`chrono_id`),
  CONSTRAINT `fk_run_chrono` FOREIGN KEY (`chrono_id`) REFERENCES `chrono` (`chrono_id`) ON DELETE NO ACTION ON UPDATE NO ACTION,
  CONSTRAINT `fk_run_competitor` FOREIGN KEY (`competitor_id`, `event_id`) REFERENCES `competitor` (`pilot_id`, `event_id`) ON DELETE NO ACTION ON UPDATE NO ACTION,
  CONSTRAINT `fk_run_roundgroup` FOREIGN KEY (`round_number`, `group_number`, `event_id`) REFERENCES `roundgroup` (`round_number`, `group_number`, `event_id`) ON DELETE NO ACTION ON UPDATE NO ACTION
) ENGINE=InnoDB AUTO_INCREMENT=453 DEFAULT CHARSET=utf8mb4;
/*!40101 SET character_set_client = @saved_cs_client */;

--
-- Dumping data for table `run`
--

LOCK TABLES `run` WRITE;
/*!40000 ALTER TABLE `run` DISABLE KEYS */;
INSERT INTO `run` VALUES (1,5,1,0,1,'',1,1,1),(2,8,2,0,1,'',1,1,1),(3,13,3,0,1,'',1,1,1),(4,2,4,0,1,'',1,1,1),(5,7,5,0,1,'',1,1,1),(6,10,6,0,1,'',1,1,1),(7,11,7,0,1,'',1,1,1),(8,3,8,0,1,'',1,1,1),(9,1,9,0,1,'',1,1,1),(10,12,10,0,1,'',1,1,1),(11,9,11,0,1,'',1,1,1),(12,6,12,0,1,'',1,1,1),(13,14,13,0,1,'',1,1,1),(14,4,14,0,1,'',1,1,1),(15,5,15,0,1,'',2,1,1),(16,8,16,0,1,'',2,1,1),(17,13,17,0,1,'',2,1,1),(18,2,18,0,1,'',2,1,1),(19,7,19,0,1,'',2,1,1),(20,10,20,0,1,'',2,1,1),(21,11,21,0,1,'',2,1,1),(22,3,22,0,1,'',2,1,1),(23,1,23,0,1,'',2,1,1),(24,12,24,0,1,'',2,1,1),(25,9,25,0,1,'',2,1,1),(26,6,26,0,1,'',2,1,1),(27,14,27,0,1,'',2,1,1),(28,4,28,0,1,'',2,1,1),(29,5,29,0,1,'',3,1,1),(30,8,30,0,1,'',3,1,1),(31,13,31,0,1,'',3,1,1),(32,2,32,0,1,'',3,1,1),(33,7,33,0,1,'',3,1,1),(34,10,34,0,1,'',3,1,1),(35,11,35,0,1,'',3,1,1),(36,3,36,0,1,'',3,1,1),(37,1,37,0,1,'',3,1,1),(38,12,38,0,1,'',3,1,1),(39,9,39,0,1,'',3,1,1),(40,6,40,0,1,'',3,1,1),(41,14,41,0,1,'',3,1,1),(42,4,42,0,1,'',3,1,1),(43,5,43,0,1,'',4,1,1),(44,8,44,0,1,'',4,1,1),(45,13,45,0,1,'',4,1,1),(46,2,46,0,1,'',4,1,1),(47,7,47,0,1,'',4,1,1),(48,10,48,0,1,'',4,1,1),(49,11,49,0,1,'',4,1,1),(50,3,50,0,1,'',4,1,1),(51,1,51,0,1,'',4,1,1),(52,12,52,0,1,'',4,1,1),(53,9,53,0,1,'',4,1,1),(54,6,54,0,1,'',4,1,1),(55,14,55,0,1,'',4,1,1),(56,4,56,0,1,'',4,1,1),(57,5,57,0,1,'',5,1,1),(58,8,58,0,1,'',5,1,1),(59,13,59,0,1,'',5,1,1),(60,2,60,0,1,'',5,1,1),(61,7,61,0,1,'',5,1,1),(62,10,62,0,1,'',5,1,1),(63,11,63,0,1,'',5,1,1),(64,3,64,0,1,'',5,1,1),(65,1,65,0,1,'',5,1,1),(66,12,66,0,1,'',5,1,1),(67,9,67,0,1,'',5,1,1),(68,6,68,0,1,'',5,1,1),(69,14,69,0,1,'',5,1,1),(70,4,70,0,1,'',5,1,1),(71,5,71,0,1,'',6,1,1),(72,8,72,0,1,'',6,1,1),(73,13,73,0,1,'',6,1,1),(74,2,74,0,1,'',6,1,1),(75,7,75,0,1,'',6,1,1),(76,10,76,0,1,'',6,1,1),(77,11,77,0,1,'',6,1,1),(78,3,78,0,1,'',6,1,1),(79,1,79,0,1,'',6,1,1),(80,12,80,0,1,'',6,1,1),(81,9,81,0,1,'',6,1,1),(82,6,82,0,1,'',6,1,1),(83,14,83,0,1,'',6,1,1),(84,4,84,0,1,'',6,1,1),(85,5,85,0,1,'',7,1,1),(86,8,86,0,1,'',7,1,1),(87,13,87,0,1,'',7,1,1),(88,2,88,0,1,'',7,1,1),(89,7,89,0,1,'',7,1,1),(90,10,90,0,1,'',7,1,1),(91,11,91,0,1,'',7,1,1),(92,3,92,0,0,'',7,1,1),(93,1,93,0,1,'',7,1,1),(94,12,94,0,1,'',7,1,1),(95,9,95,0,1,'',7,1,1),(96,6,96,0,1,'',7,1,1),(97,14,97,0,1,'',7,1,1),(98,4,98,0,1,'',7,1,1),(99,5,99,0,1,'',8,1,1),(100,8,100,0,1,'',8,1,1),(101,13,101,0,1,'',8,1,1),(102,2,102,0,1,'',8,1,1),(103,7,103,0,1,'',8,1,1),(104,10,104,0,1,'',8,1,1),(105,11,105,0,1,'',8,1,1),(106,3,106,0,1,'',8,1,1),(107,1,107,0,1,'',8,1,1),(108,12,108,0,1,'',8,1,1),(109,9,109,0,1,'',8,1,1),(110,6,110,0,1,'',8,1,1),(111,14,111,0,1,'',8,1,1),(112,4,112,0,1,'',8,1,1),(113,5,113,0,1,'',9,1,1),(114,8,114,0,1,'',9,1,1),(115,13,115,0,1,'',9,1,1),(116,2,116,0,1,'',9,1,1),(117,7,117,0,1,'',9,1,1),(118,10,118,0,1,'',9,1,1),(119,11,119,0,1,'',9,1,1),(120,3,120,0,1,'',9,1,1),(121,1,121,0,1,'',9,1,1),(122,12,122,0,1,'',9,1,1),(123,9,123,0,1,'',9,1,1),(124,6,124,0,1,'',9,1,1),(125,14,125,0,1,'',9,1,1),(126,4,126,0,1,'',9,1,1),(127,6,127,0,1,'',10,1,1),(128,9,128,0,1,'',10,1,1),(129,14,129,0,1,'',10,1,1),(130,3,130,0,1,'',10,1,1),(131,8,131,0,1,'',10,1,1),(132,11,132,0,1,'',10,1,1),(133,1,133,0,1,'',10,1,1),(134,12,134,0,1,'',10,1,1),(135,2,135,0,1,'',10,1,1),(136,13,136,0,1,'',10,1,1),(137,10,137,0,1,'',10,1,1),(138,7,138,0,1,'',10,1,1),(139,4,139,0,1,'',10,1,1),(140,5,140,0,1,'',10,1,1),(141,5,141,0,1,'',11,1,1),(142,8,142,0,1,'',11,1,1),(143,13,143,0,1,'',11,1,1),(144,2,144,0,1,'',11,1,1),(145,7,145,0,1,'',11,1,1),(146,10,146,0,1,'',11,1,1),(147,11,147,0,1,'',11,1,1),(148,3,148,0,1,'',11,1,1),(149,1,149,0,1,'',11,1,1),(150,12,150,0,1,'',11,1,1),(151,9,151,0,1,'',11,1,1),(152,6,152,0,1,'',11,1,1),(153,14,153,0,1,'',11,1,1),(154,4,154,0,1,'',11,1,1),(155,5,155,0,1,'',12,1,1),(156,8,156,0,1,'',12,1,1),(157,13,157,0,1,'',12,1,1),(158,2,158,0,1,'',12,1,1),(159,7,159,0,1,'',12,1,1),(160,10,160,0,1,'',12,1,1),(161,11,161,0,1,'',12,1,1),(162,3,162,0,1,'',12,1,1),(163,1,163,0,1,'',12,1,1),(164,12,164,0,1,'',12,1,1),(165,9,165,0,1,'',12,1,1),(166,6,166,0,1,'',12,1,1),(167,14,167,0,1,'',12,1,1),(168,4,168,0,1,'',12,1,1),(169,5,169,0,1,'',13,1,1),(170,8,170,0,1,'',13,1,1),(171,13,171,0,1,'',13,1,1),(172,2,172,0,1,'',13,1,1),(173,7,173,0,1,'',13,1,1),(174,10,174,0,1,'',13,1,1),(175,11,175,0,1,'',13,1,1),(176,3,176,0,1,'',13,1,1),(177,1,177,0,1,'',13,1,1),(178,12,178,0,1,'',13,1,1),(179,9,179,0,1,'',13,1,1),(180,6,180,0,1,'',13,1,1),(181,14,181,0,1,'',13,1,1),(182,4,182,0,1,'',13,1,1),(183,5,183,0,1,'',14,1,1),(184,8,184,0,1,'',14,1,1),(185,13,185,0,1,'',14,1,1),(186,2,186,0,1,'',14,1,1),(187,7,187,0,1,'',14,1,1),(188,10,188,0,1,'',14,1,1),(189,11,189,0,1,'',14,1,1),(190,3,190,0,1,'',14,1,1),(191,1,191,0,1,'',14,1,1),(192,12,192,0,1,'',14,1,1),(193,9,193,0,1,'',14,1,1),(194,6,194,0,1,'',14,1,1),(195,14,195,0,1,'',14,1,1),(196,4,196,0,1,'',14,1,1),(197,5,197,0,1,'',15,1,1),(198,8,198,0,1,'',15,1,1),(199,13,199,0,1,'',15,1,1),(200,2,200,0,1,'',15,1,1),(201,7,201,0,1,'',15,1,1),(202,10,202,0,1,'',15,1,1),(203,11,203,0,1,'',15,1,1),(204,3,204,0,1,'',15,1,1),(205,1,205,0,1,'',15,1,1),(206,12,206,0,1,'',15,1,1),(207,9,207,0,1,'',15,1,1),(208,6,208,0,1,'',15,1,1),(209,14,209,0,1,'',15,1,1),(210,4,210,0,1,'',15,1,1),(211,6,211,0,1,'',16,1,1),(212,9,212,0,1,'',16,1,1),(213,14,213,0,1,'',16,1,1),(214,3,214,0,1,'',16,1,1),(215,8,215,0,1,'',16,1,1),(216,11,216,0,1,'',16,1,1),(217,1,217,0,1,'',16,1,1),(218,12,218,0,1,'',16,1,1),(219,2,219,0,1,'',16,1,1),(220,13,220,0,1,'',16,1,1),(221,10,221,0,1,'',16,1,1),(222,7,222,0,1,'',16,1,1),(223,4,223,0,1,'',16,1,1),(224,5,224,0,1,'',16,1,1),(225,6,225,0,1,'',17,1,1),(226,9,226,0,1,'',17,1,1),(227,14,227,0,1,'',17,1,1),(228,3,228,0,1,'',17,1,1),(229,8,229,0,1,'',17,1,1),(230,11,230,0,1,'',17,1,1),(231,1,231,0,1,'',17,1,1),(232,12,232,0,1,'',17,1,1),(233,2,233,0,1,'',17,1,1),(234,13,234,0,1,'',17,1,1),(235,10,235,0,1,'',17,1,1),(236,7,236,0,1,'',17,1,1),(237,4,237,0,1,'',17,1,1),(238,5,238,0,1,'',17,1,1),(239,6,239,0,1,'',18,1,1),(240,9,240,0,1,'',18,1,1),(241,14,241,0,1,'',18,1,1),(242,3,242,0,1,'',18,1,1),(243,8,243,0,1,'',18,1,1),(244,11,244,0,1,'',18,1,1),(245,1,245,0,1,'',18,1,1),(246,12,246,0,1,'',18,1,1),(247,2,247,0,1,'',18,1,1),(248,13,248,0,1,'',18,1,1),(249,10,249,0,1,'',18,1,1),(250,7,250,0,1,'',18,1,1),(251,4,251,0,1,'',18,1,1),(252,5,252,0,1,'',18,1,1),(253,6,253,0,1,'',19,1,1),(254,9,254,0,1,'',19,1,1),(255,14,255,0,1,'',19,1,1),(256,3,256,0,1,'',19,1,1),(257,8,257,0,1,'',19,1,1),(258,11,258,0,1,'',19,1,1),(259,1,259,0,1,'',19,1,1),(260,12,260,0,1,'',19,1,1),(261,2,261,0,1,'',19,1,1),(262,13,262,0,1,'',19,1,1),(263,10,263,0,1,'',19,1,1),(264,7,264,0,1,'',19,1,1),(265,4,265,0,1,'',19,1,1),(266,5,266,0,1,'',19,1,1),(267,6,267,0,1,'',20,1,1),(268,9,268,0,1,'',20,1,1),(269,14,269,0,1,'',20,1,1),(270,3,270,0,1,'',20,1,1),(271,8,271,0,1,'',20,1,1),(272,11,272,0,1,'',20,1,1),(273,1,273,0,1,'',20,1,1),(274,12,274,0,1,'',20,1,1),(275,2,275,0,1,'',20,1,1),(276,13,276,0,1,'',20,1,1),(277,10,277,0,1,'',20,1,1),(278,7,278,0,1,'',20,1,1),(279,4,279,0,1,'',20,1,1),(280,5,280,0,1,'',20,1,1);
/*!40000 ALTER TABLE `run` ENABLE KEYS */;
UNLOCK TABLES;
/*!40103 SET TIME_ZONE=@OLD_TIME_ZONE */;

/*!40101 SET SQL_MODE=@OLD_SQL_MODE */;
/*!40014 SET FOREIGN_KEY_CHECKS=@OLD_FOREIGN_KEY_CHECKS */;
/*!40014 SET UNIQUE_CHECKS=@OLD_UNIQUE_CHECKS */;
/*!40101 SET CHARACTER_SET_CLIENT=@OLD_CHARACTER_SET_CLIENT */;
/*!40101 SET CHARACTER_SET_RESULTS=@OLD_CHARACTER_SET_RESULTS */;
/*!40101 SET COLLATION_CONNECTION=@OLD_COLLATION_CONNECTION */;
/*!40111 SET SQL_NOTES=@OLD_SQL_NOTES */;

-- Dump completed on 2020-07-14  9:35:46
